<?xml version="1.0" encoding="UTF-8"?>
<!DOCTYPE mapper PUBLIC "-//mybatis.org//DTD Mapper 3.0//EN" "http://mybatis.org/dtd/mybatis-3-mapper.dtd">
<mapper namespace="com.briup.apps.cms.dao.ArticleMapper">
  <resultMap id="BaseResultMap" type="com.briup.apps.cms.bean.Article">
    <!--
      WARNING - @mbg.generated
      This element is automatically generated by MyBatis Generator, do not modify.
      This element was generated on Tue Nov 12 12:01:32 CST 2019.
    -->
    <id column="id" jdbcType="BIGINT" property="id" />
    <result column="title" jdbcType="VARCHAR" property="title" />
    <result column="content" jdbcType="VARCHAR" property="content" />
    <result column="source" jdbcType="VARCHAR" property="source" />
    <result column="publish_time" jdbcType="BIGINT" property="publishTime" />
    <result column="read_times" jdbcType="BIGINT" property="readTimes" />
    <result column="status" jdbcType="VARCHAR" property="status" />
    <result column="thump_up" jdbcType="BIGINT" property="thumpUp" />
    <result column="thump_down" jdbcType="BIGINT" property="thumpDown" />
    <result column="author_id" jdbcType="BIGINT" property="authorId" />
    <result column="category_id" jdbcType="BIGINT" property="categoryId" />
  </resultMap>
  <sql id="Example_Where_Clause">
    <!--
      WARNING - @mbg.generated
      This element is automatically generated by MyBatis Generator, do not modify.
      This element was generated on Tue Nov 12 12:01:32 CST 2019.
    -->
    <where>
      <foreach collection="oredCriteria" item="criteria" separator="or">
        <if test="criteria.valid">
          <trim prefix="(" prefixOverrides="and" suffix=")">
            <foreach collection="criteria.criteria" item="criterion">
              <choose>
                <when test="criterion.noValue">
                  and ${criterion.condition}
                </when>
                <when test="criterion.singleValue">
                  and ${criterion.condition} #{criterion.value}
                </when>
                <when test="criterion.betweenValue">
                  and ${criterion.condition} #{criterion.value} and #{criterion.secondValue}
                </when>
                <when test="criterion.listValue">
                  and ${criterion.condition}
                  <foreach close=")" collection="criterion.value" item="listItem" open="(" separator=",">
                    #{listItem}
                  </foreach>
                </when>
              </choose>
            </foreach>
          </trim>
        </if>
      </foreach>
    </where>
  </sql>
  <sql id="Update_By_Example_Where_Clause">
    <!--
      WARNING - @mbg.generated
      This element is automatically generated by MyBatis Generator, do not modify.
      This element was generated on Tue Nov 12 12:01:32 CST 2019.
    -->
    <where>
      <foreach collection="example.oredCriteria" item="criteria" separator="or">
        <if test="criteria.valid">
          <trim prefix="(" prefixOverrides="and" suffix=")">
            <foreach collection="criteria.criteria" item="criterion">
              <choose>
                <when test="criterion.noValue">
                  and ${criterion.condition}
                </when>
                <when test="criterion.singleValue">
                  and ${criterion.condition} #{criterion.value}
                </when>
                <when test="criterion.betweenValue">
                  and ${criterion.condition} #{criterion.value} and #{criterion.secondValue}
                </when>
                <when test="criterion.listValue">
                  and ${criterion.condition}
                  <foreach close=")" collection="criterion.value" item="listItem" open="(" separator=",">
                    #{listItem}
                  </foreach>
                </when>
              </choose>
            </foreach>
          </trim>
        </if>
      </foreach>
    </where>
  </sql>
  <sql id="Base_Column_List">
    <!--
      WARNING - @mbg.generated
      This element is automatically generated by MyBatis Generator, do not modify.
      This element was generated on Tue Nov 12 12:01:32 CST 2019.
    -->
    id, title, content, source, publish_time, read_times, status, thump_up, thump_down, 
    author_id, category_id
  </sql>
  <select id="selectByExample" parameterType="com.briup.apps.cms.bean.ArticleExample" resultMap="BaseResultMap">
    <!--
      WARNING - @mbg.generated
      This element is automatically generated by MyBatis Generator, do not modify.
      This element was generated on Tue Nov 12 12:01:32 CST 2019.
    -->
    select
    <if test="distinct">
      distinct
    </if>
    <include refid="Base_Column_List" />
    from cms_article
    <if test="_parameter != null">
      <include refid="Example_Where_Clause" />
    </if>
    <if test="orderByClause != null">
      order by ${orderByClause}
    </if>
  </select>
  <select id="selectByPrimaryKey" parameterType="java.lang.Long" resultMap="BaseResultMap">
    <!--
      WARNING - @mbg.generated
      This element is automatically generated by MyBatis Generator, do not modify.
      This element was generated on Tue Nov 12 12:01:32 CST 2019.
    -->
    select 
    <include refid="Base_Column_List" />
    from cms_article
    where id = #{id,jdbcType=BIGINT}
  </select>
  <delete id="deleteByPrimaryKey" parameterType="java.lang.Long">
    <!--
      WARNING - @mbg.generated
      This element is automatically generated by MyBatis Generator, do not modify.
      This element was generated on Tue Nov 12 12:01:32 CST 2019.
    -->
    delete from cms_article
    where id = #{id,jdbcType=BIGINT}
  </delete>
  <delete id="deleteByExample" parameterType="com.briup.apps.cms.bean.ArticleExample">
    <!--
      WARNING - @mbg.generated
      This element is automatically generated by MyBatis Generator, do not modify.
      This element was generated on Tue Nov 12 12:01:32 CST 2019.
    -->
    delete from cms_article
    <if test="_parameter != null">
      <include refid="Example_Where_Clause" />
    </if>
  </delete>
  <insert id="insert" parameterType="com.briup.apps.cms.bean.Article">
    <!--
      WARNING - @mbg.generated
      This element is automatically generated by MyBatis Generator, do not modify.
      This element was generated on Tue Nov 12 12:01:32 CST 2019.
    -->
    insert into cms_article (id, title, content, 
      source, publish_time, read_times, 
      status, thump_up, thump_down, 
      author_id, category_id)
    values (#{id,jdbcType=BIGINT}, #{title,jdbcType=VARCHAR}, #{content,jdbcType=VARCHAR}, 
      #{source,jdbcType=VARCHAR}, #{publishTime,jdbcType=BIGINT}, #{readTimes,jdbcType=BIGINT}, 
      #{status,jdbcType=VARCHAR}, #{thumpUp,jdbcType=BIGINT}, #{thumpDown,jdbcType=BIGINT}, 
      #{authorId,jdbcType=BIGINT}, #{categoryId,jdbcType=BIGINT})
  </insert>
  <insert id="insertSelective" parameterType="com.briup.apps.cms.bean.Article">
    <!--
      WARNING - @mbg.generated
      This element is automatically generated by MyBatis Generator, do not modify.
      This element was generated on Tue Nov 12 12:01:32 CST 2019.
    -->
    insert into cms_article
    <trim prefix="(" suffix=")" suffixOverrides=",">
      <if test="id != null">
        id,
      </if>
      <if test="title != null">
        title,
      </if>
      <if test="content != null">
        content,
      </if>
      <if test="source != null">
        source,
      </if>
      <if test="publishTime != null">
        publish_time,
      </if>
      <if test="readTimes != null">
        read_times,
      </if>
      <if test="status != null">
        status,
      </if>
      <if test="thumpUp != null">
        thump_up,
      </if>
      <if test="thumpDown != null">
        thump_down,
      </if>
      <if test="authorId != null">
        author_id,
      </if>
      <if test="categoryId != null">
        category_id,
      </if>
    </trim>
    <trim prefix="values (" suffix=")" suffixOverrides=",">
      <if test="id != null">
        #{id,jdbcType=BIGINT},
      </if>
      <if test="title != null">
        #{title,jdbcType=VARCHAR},
      </if>
      <if test="content != null">
        #{content,jdbcType=VARCHAR},
      </if>
      <if test="source != null">
        #{source,jdbcType=VARCHAR},
      </if>
      <if test="publishTime != null">
        #{publishTime,jdbcType=BIGINT},
      </if>
      <if test="readTimes != null">
        #{readTimes,jdbcType=BIGINT},
      </if>
      <if test="status != null">
        #{status,jdbcType=VARCHAR},
      </if>
      <if test="thumpUp != null">
        #{thumpUp,jdbcType=BIGINT},
      </if>
      <if test="thumpDown != null">
        #{thumpDown,jdbcType=BIGINT},
      </if>
      <if test="authorId != null">
        #{authorId,jdbcType=BIGINT},
      </if>
      <if test="categoryId != null">
        #{categoryId,jdbcType=BIGINT},
      </if>
    </trim>
  </insert>
  <select id="countByExample" parameterType="com.briup.apps.cms.bean.ArticleExample" resultType="java.lang.Long">
    <!--
      WARNING - @mbg.generated
      This element is automatically generated by MyBatis Generator, do not modify.
      This element was generated on Tue Nov 12 12:01:32 CST 2019.
    -->
    select count(*) from cms_article
    <if test="_parameter != null">
      <include refid="Example_Where_Clause" />
    </if>
  </select>
  <update id="updateByExampleSelective" parameterType="map">
    <!--
      WARNING - @mbg.generated
      This element is automatically generated by MyBatis Generator, do not modify.
      This element was generated on Tue Nov 12 12:01:32 CST 2019.
    -->
    update cms_article
    <set>
      <if test="record.id != null">
        id = #{record.id,jdbcType=BIGINT},
      </if>
      <if test="record.title != null">
        title = #{record.title,jdbcType=VARCHAR},
      </if>
      <if test="record.content != null">
        content = #{record.content,jdbcType=VARCHAR},
      </if>
      <if test="record.source != null">
        source = #{record.source,jdbcType=VARCHAR},
      </if>
      <if test="record.publishTime != null">
        publish_time = #{record.publishTime,jdbcType=BIGINT},
      </if>
      <if test="record.readTimes != null">
        read_times = #{record.readTimes,jdbcType=BIGINT},
      </if>
      <if test="record.status != null">
        status = #{record.status,jdbcType=VARCHAR},
      </if>
      <if test="record.thumpUp != null">
        thump_up = #{record.thumpUp,jdbcType=BIGINT},
      </if>
      <if test="record.thumpDown != null">
        thump_down = #{record.thumpDown,jdbcType=BIGINT},
      </if>
      <if test="record.authorId != null">
        author_id = #{record.authorId,jdbcType=BIGINT},
      </if>
      <if test="record.categoryId != null">
        category_id = #{record.categoryId,jdbcType=BIGINT},
      </if>
    </set>
    <if test="_parameter != null">
      <include refid="Update_By_Example_Where_Clause" />
    </if>
  </update>
  <update id="updateByExample" parameterType="map">
    <!--
      WARNING - @mbg.generated
      This element is automatically generated by MyBatis Generator, do not modify.
      This element was generated on Tue Nov 12 12:01:32 CST 2019.
    -->
    update cms_article
    set id = #{record.id,jdbcType=BIGINT},
      title = #{record.title,jdbcType=VARCHAR},
      content = #{record.content,jdbcType=VARCHAR},
      source = #{record.source,jdbcType=VARCHAR},
      publish_time = #{record.publishTime,jdbcType=BIGINT},
      read_times = #{record.readTimes,jdbcType=BIGINT},
      status = #{record.status,jdbcType=VARCHAR},
      thump_up = #{record.thumpUp,jdbcType=BIGINT},
      thump_down = #{record.thumpDown,jdbcType=BIGINT},
      author_id = #{record.authorId,jdbcType=BIGINT},
      category_id = #{record.categoryId,jdbcType=BIGINT}
    <if test="_parameter != null">
      <include refid="Update_By_Example_Where_Clause" />
    </if>
  </update>
  <update id="updateByPrimaryKeySelective" parameterType="com.briup.apps.cms.bean.Article">
    <!--
      WARNING - @mbg.generated
      This element is automatically generated by MyBatis Generator, do not modify.
      This element was generated on Tue Nov 12 12:01:32 CST 2019.
    -->
    update cms_article
    <set>
      <if test="title != null">
        title = #{title,jdbcType=VARCHAR},
      </if>
      <if test="content != null">
        content = #{content,jdbcType=VARCHAR},
      </if>
      <if test="source != null">
        source = #{source,jdbcType=VARCHAR},
      </if>
      <if test="publishTime != null">
        publish_time = #{publishTime,jdbcType=BIGINT},
      </if>
      <if test="readTimes != null">
        read_times = #{readTimes,jdbcType=BIGINT},
      </if>
      <if test="status != null">
        status = #{status,jdbcType=VARCHAR},
      </if>
      <if test="thumpUp != null">
        thump_up = #{thumpUp,jdbcType=BIGINT},
      </if>
      <if test="thumpDown != null">
        thump_down = #{thumpDown,jdbcType=BIGINT},
      </if>
      <if test="authorId != null">
        author_id = #{authorId,jdbcType=BIGINT},
      </if>
      <if test="categoryId != null">
        category_id = #{categoryId,jdbcType=BIGINT},
      </if>
    </set>
    where id = #{id,jdbcType=BIGINT}
  </update>
  <update id="updateByPrimaryKey" parameterType="com.briup.apps.cms.bean.Article">
    <!--
      WARNING - @mbg.generated
      This element is automatically generated by MyBatis Generator, do not modify.
      This element was generated on Tue Nov 12 12:01:32 CST 2019.
    -->
    update cms_article
    set title = #{title,jdbcType=VARCHAR},
      content = #{content,jdbcType=VARCHAR},
      source = #{source,jdbcType=VARCHAR},
      publish_time = #{publishTime,jdbcType=BIGINT},
      read_times = #{readTimes,jdbcType=BIGINT},
      status = #{status,jdbcType=VARCHAR},
      thump_up = #{thumpUp,jdbcType=BIGINT},
      thump_down = #{thumpDown,jdbcType=BIGINT},
      author_id = #{authorId,jdbcType=BIGINT},
      category_id = #{categoryId,jdbcType=BIGINT}
    where id = #{id,jdbcType=BIGINT}
  </update>
</mapper>