<?xml version="1.0" encoding="UTF-8"?>
<!DOCTYPE generatorConfiguration
  PUBLIC "-//mybatis.org//DTD MyBatis Generator Configuration 1.0//EN"
  "http://mybatis.org/dtd/mybatis-generator-config_1_0.dtd">
<!-- mybatis-generator的核心配置文件 -->
<generatorConfiguration>

  <!--<classPathEntry location="D:\gg\repository\mysql\mysql-connector-java\8.0.16\mysql-connector-java-8.0.16.jar" />-->
  <classPathEntry location="/Users/lichunyu/springboot/repository/mysql/mysql-connector-java/8.0.16/mysql-connector-java-8.0.16.jar" />
  <context id="DB2Tables" targetRuntime="MyBatis3">

    <jdbcConnection driverClass="com.mysql.cj.jdbc.Driver"
        connectionURL="jdbc:mysql://127.0.0.1:3306/cms_web1911"
        userId="briup"
        password="briupKS123">
      <!--产生selectByPrimaryKey-->
      <property name="useInformationSchema" value="true" />
    </jdbcConnection>


	<!--指定生成的类型为java类型，避免数据库中number等类型字段 -->
    <javaTypeResolver >
      <property name="forceBigDecimals" value="false" />
    </javaTypeResolver>

	<!--自动生成的实体的存放包路径 -->
    <javaModelGenerator targetPackage="com.briup.apps.cms.bean" targetProject="./src/main/java">
      <property name="enableSubPackages" value="true" />
      <property name="trimStrings" value="true" />
    </javaModelGenerator>

	<!--自动生成的*Mapper.xml文件存放路径 -->
    <sqlMapGenerator targetPackage="mapper"  targetProject="./src/main/resources">
      <property name="enableSubPackages" value="true" />
    </sqlMapGenerator>

	<!--自动生成的*Mapper.java存放路径 -->
    <javaClientGenerator type="XMLMAPPER" targetPackage="com.briup.apps.cms.dao"  targetProject="./src/main/java">
      <property name="enableSubPackages" value="true" />
    </javaClientGenerator>


	<!-- 映射配置 -->
    <!--<table tableName="test" domainObjectName="Test" ></table>-->
    <!--<table tableName="cms_category" domainObjectName="Category" ></table>-->
    <table tableName="cms_article" domainObjectName="Article" >
      <columnOverride column="content" javaType="java.lang.String" jdbcType="VARCHAR" />
      <columnOverride column="source" javaType="java.lang.String" jdbcType="VARCHAR" />
    </table>
    <!--<table tableName="cms_comment" domainObjectName="Comment" ></table>-->

	<!--
	 mvn -Dmybatis.generator.overwrite=true mybatis-generator:generate
	-->



  </context>
</generatorConfiguration>
